<?xml version="1.0" encoding="UTF-8"?>
<project-private xmlns="http://www.netbeans.org/ns/project-private/1">
    <editor-bookmarks xmlns="http://www.netbeans.org/ns/editor-bookmarks/2" lastBookmarkId="0"/>
    <open-files xmlns="http://www.netbeans.org/ns/projectui-open-files/2">
        <group>
            <file>file:/D:/@FPT/@PRJ301/class1/SessionManagement/web/index.jsp</file>
            <file>file:/D:/@FPT/@PRJ301/class1/SessionManagement/src/java/models/Cart.java</file>
            <file>file:/D:/@FPT/@PRJ301/class1/SessionManagement/src/java/models/Item.java</file>
            <file>file:/D:/@FPT/@PRJ301/class1/SessionManagement/src/java/controllers/CartController.java</file>
            <file>file:/D:/@FPT/@PRJ301/class1/SessionManagement/src/java/models/Product.java</file>
            <file>file:/D:/@FPT/@PRJ301/class1/SessionManagement/src/java/models/ProductFacade.java</file>
        </group>
    </open-files>
</project-private>
